id;time_start;time_end;type;status;notes
1;2025-10-16T17:57:10;2025-10-17T04:03:39;consequently proud failing;essay sadly;under drowse generously
2;2025-10-16T07:35:45;2025-10-16T12:25:25;nor ugh;favorite slowly rosemary;battle yet taro
3;2025-10-16T18:26:51;2025-10-16T13:11:01;concerning hm;technician;deliquesce grok juicy
4;2025-10-17T03:03:36;2025-10-16T12:58:39;free sandbar tragic;tasty indeed;inexperienced explode between
5;2025-10-16T21:56:45;2025-10-16T20:58:21;consequently;worth godfather toward;even bide hourly
6;2025-10-16T23:17:06;2025-10-16T10:27:57;unexpectedly annual gah;unto trolley judgementally;until blah acclaimed
7;2025-10-16T17:05:53;2025-10-16T15:30:24;huzzah;aha psst coagulate;ah kowtow reassuringly
8;2025-10-17T01:29:40;2025-10-16T07:16:58;oh inquisitively confused;testify highlight;instead
9;2025-10-17T01:39:38;2025-10-16T09:18:10;than amidst;plus;good-natured
10;2025-10-17T04:37:40;2025-10-16T15:19:22;why collaboration beyond;made-up prudent familiarize;gastropod
